condition,trust,perceived_verif,adopt_wrong,clicked_source
C1_none,3.935,1.946,0,0
C1_none,2.456,3.959,0,0
C1_none,4.425,1.972,0,0
C1_none,4.635,3.285,1,0
C1_none,1.454,1.280,0,0
C1_none,2.168,2.153,0,0
C1_none,3.741,1.260,1,0
C1_none,3.252,1.993,1,0
C1_none,3.582,3.408,0,0
C1_none,2.662,1.000,1,0
C1_none,4.567,2.921,1,0
C1_none,4.456,2.685,1,0
C1_none,3.673,1.687,0,0
C1_none,4.840,1.000,0,0
C1_none,4.114,2.487,1,0
C1_none,2.655,1.765,0,0
C1_none,4.006,2.679,0,0
C1_none,2.545,2.426,0,0
C1_none,4.566,4.322,1,0
C1_none,3.545,2.113,1,0
C1_none,3.397,1.172,0,0
C1_none,2.851,2.615,1,0
C1_none,4.945,2.664,0,0
C1_none,3.430,4.031,1,0
C1_none,3.129,3.402,1,0
C1_none,3.213,2.828,0,0
C1_none,4.186,4.156,0,0
C1_none,4.002,1.000,0,0
C1_none,4.054,1.632,1,0
C1_none,4.074,1.288,1,0
C1_none,5.956,1.932,1,0
C1_none,3.153,1.000,1,0
C1_none,3.037,3.162,0,0
C1_none,2.705,2.133,1,0
C1_none,4.278,1.000,0,0
C1_none,4.842,1.181,0,0
C1_none,3.475,2.776,1,0
C1_none,2.676,3.406,1,0
C1_none,2.693,4.796,0,0
C1_none,4.316,5.897,0,0
C1_none,4.418,2.897,1,0
C1_none,4.197,1.213,1,0
C1_none,2.868,1.000,1,0
C1_none,3.855,2.721,0,0
C1_none,3.728,1.424,0,0
C1_none,3.841,1.902,0,0
C1_none,4.559,1.665,1,0
C1_none,3.846,2.231,1,0
C1_none,4.347,3.679,0,0
C1_none,3.674,2.588,0,0
C1_none,3.918,2.210,0,0
C1_none,4.294,1.157,1,0
C1_none,1.997,1.000,1,0
C1_none,3.248,1.816,0,0
C1_none,3.083,2.335,0,0
C1_none,2.897,4.522,1,0
C1_none,3.297,2.556,0,0
C1_none,5.244,3.579,1,0
C1_none,2.648,1.801,0,0
C1_none,4.665,1.000,0,0
C1_none,1.749,1.242,1,0
C1_none,3.232,1.530,0,0
C1_none,3.779,4.954,0,0
C1_none,4.245,1.414,0,0
C1_none,4.382,3.406,0,0
C1_none,4.473,1.316,0,0
C1_none,3.216,3.518,0,0
C1_none,3.091,2.862,0,0
C1_none,4.544,2.212,0,0
C1_none,3.390,2.351,1,0
C1_none,2.197,1.614,1,0
C1_none,2.353,2.935,0,0
C1_none,2.589,1.854,0,0
C1_none,4.147,1.000,0,0
C1_none,3.757,1.000,1,0
C1_none,4.360,2.607,1,0
C1_none,3.130,4.295,0,0
C1_none,3.774,2.592,0,0
C1_none,4.288,2.258,0,0
C1_none,3.260,2.743,0,0
C1_none,4.102,3.967,1,0
C1_none,2.872,2.663,0,0
C1_none,3.201,1.907,0,0
C1_none,3.180,3.728,0,0
C1_none,2.285,2.915,0,0
C1_none,4.136,4.243,0,0
C1_none,3.084,2.620,1,0
C1_none,3.614,1.000,0,0
C1_none,4.129,1.000,1,0
C1_none,4.091,4.381,0,0
C1_none,4.332,4.468,1,0
C1_none,3.492,2.185,1,0
C1_none,3.134,1.940,1,0
C1_none,3.512,4.154,1,0
C1_none,1.744,1.072,1,0
C1_none,2.008,1.326,1,0
C1_none,2.145,3.172,1,0
C1_none,2.503,1.926,0,0
C1_none,4.040,2.394,0,0
C1_none,2.604,2.204,0,0
C2_fake,4.181,4.257,0,0
C2_fake,5.205,5.145,0,0
C2_fake,5.472,4.230,1,0
C2_fake,4.852,5.723,1,0
C2_fake,5.536,2.402,1,0
C2_fake,4.952,4.197,0,0
C2_fake,5.283,2.211,1,0
C2_fake,3.925,2.806,0,0
C2_fake,4.502,6.237,1,0
C2_fake,4.916,5.674,0,0
C2_fake,5.603,3.737,1,0
C2_fake,4.267,2.797,0,0
C2_fake,5.273,1.043,1,0
C2_fake,4.408,3.948,1,0
C2_fake,4.571,7.000,0,0
C2_fake,5.612,5.122,0,0
C2_fake,2.508,3.929,0,0
C2_fake,3.274,5.158,1,0
C2_fake,3.070,2.727,1,0
C2_fake,2.133,4.243,1,0
C2_fake,3.954,4.719,1,0
C2_fake,5.524,4.497,0,0
C2_fake,4.387,5.549,0,1
C2_fake,4.918,5.014,0,0
C2_fake,5.898,5.402,0,0
C2_fake,6.160,3.774,0,0
C2_fake,4.624,5.677,0,0
C2_fake,6.189,6.555,1,0
C2_fake,4.801,3.436,1,0
C2_fake,3.779,3.535,1,0
C2_fake,4.046,6.203,0,0
C2_fake,3.071,4.370,1,0
C2_fake,3.723,6.285,1,0
C2_fake,4.306,4.069,0,0
C2_fake,5.584,6.346,1,1
C2_fake,6.593,4.758,1,0
C2_fake,3.180,4.910,0,0
C2_fake,5.132,6.478,0,0
C2_fake,3.555,4.166,1,1
C2_fake,5.222,3.471,0,0
C2_fake,4.556,4.062,1,0
C2_fake,2.686,5.143,0,0
C2_fake,5.721,2.721,1,0
C2_fake,4.034,5.365,1,0
C2_fake,4.113,3.953,1,0
C2_fake,3.523,5.977,1,0
C2_fake,3.980,1.727,0,0
C2_fake,5.171,3.656,1,0
C2_fake,4.492,2.576,1,0
C2_fake,5.062,3.609,1,0
C2_fake,5.098,4.897,0,1
C2_fake,6.153,4.385,0,0
C2_fake,4.323,4.296,0,0
C2_fake,3.075,4.409,1,0
C2_fake,5.874,4.844,1,0
C2_fake,4.335,3.390,1,0
C2_fake,5.926,5.448,1,0
C2_fake,5.122,5.395,0,1
C2_fake,4.556,5.062,0,0
C2_fake,5.084,5.268,1,0
C2_fake,6.846,4.956,1,0
C2_fake,6.985,7.000,0,0
C2_fake,4.776,4.495,1,0
C2_fake,4.876,4.232,1,0
C2_fake,5.884,3.696,1,0
C2_fake,3.770,3.361,1,0
C2_fake,5.066,3.107,1,0
C2_fake,4.672,3.533,1,1
C2_fake,5.045,4.515,1,0
C2_fake,3.783,5.001,1,0
C2_fake,2.951,4.661,1,0
C2_fake,2.420,3.681,1,0
C2_fake,3.471,5.680,0,0
C2_fake,4.195,5.487,0,0
C2_fake,4.377,4.408,1,0
C2_fake,6.831,3.817,1,0
C2_fake,5.917,5.258,0,1
C2_fake,3.642,4.826,1,0
C2_fake,5.082,2.862,1,0
C2_fake,4.252,4.518,0,0
C2_fake,4.387,4.914,1,0
C2_fake,4.904,3.520,0,0
C2_fake,5.381,4.828,1,0
C2_fake,4.327,2.854,1,0
C2_fake,5.870,6.203,1,0
C2_fake,3.444,6.098,1,0
C2_fake,4.707,4.297,1,0
C2_fake,7.000,5.036,1,0
C2_fake,4.945,1.708,0,0
C2_fake,6.277,3.212,1,1
C2_fake,4.801,4.247,1,0
C2_fake,5.339,3.313,0,0
C2_fake,4.638,5.457,0,0
C2_fake,4.513,6.997,1,0
C2_fake,3.843,3.188,1,0
C2_fake,5.173,3.595,0,0
C2_fake,3.763,4.883,0,0
C2_fake,5.432,6.533,0,1
C2_fake,5.894,3.133,0,1
C2_fake,5.103,4.899,0,1
C3_real,3.511,5.983,1,0
C3_real,3.597,5.549,0,0
C3_real,5.118,5.858,0,0
C3_real,6.169,3.415,1,0
C3_real,4.326,5.497,0,0
C3_real,2.048,4.737,1,1
C3_real,2.926,4.521,1,0
C3_real,3.884,6.145,0,0
C3_real,4.186,6.875,1,0
C3_real,4.351,7.000,0,0
C3_real,4.842,6.678,0,0
C3_real,4.457,4.968,0,0
C3_real,5.954,5.523,0,0
C3_real,4.056,6.020,1,1
C3_real,3.851,5.245,1,1
C3_real,5.327,5.257,0,1
C3_real,3.111,6.089,0,0
C3_real,5.229,5.029,1,0
C3_real,4.913,4.225,1,1
C3_real,4.638,4.603,1,0
C3_real,6.547,5.861,1,0
C3_real,4.116,5.104,0,0
C3_real,7.000,5.508,1,0
C3_real,4.552,5.904,0,0
C3_real,3.395,4.650,0,1
C3_real,4.877,6.007,0,0
C3_real,3.616,5.555,1,0
C3_real,3.973,3.618,1,0
C3_real,5.237,6.831,0,0
C3_real,5.411,4.499,0,0
C3_real,4.116,3.114,1,0
C3_real,5.886,3.846,0,1
C3_real,6.073,3.875,1,0
C3_real,6.380,5.163,0,0
C3_real,5.382,4.771,1,1
C3_real,6.300,4.696,1,0
C3_real,2.731,5.844,0,0
C3_real,4.450,5.508,1,0
C3_real,3.846,5.479,1,0
C3_real,4.931,5.592,1,0
C3_real,4.171,5.839,1,0
C3_real,4.617,2.570,0,0
C3_real,6.870,4.663,1,0
C3_real,4.613,2.484,0,0
C3_real,5.255,5.143,0,0
C3_real,4.545,5.094,1,0
C3_real,4.883,6.355,1,0
C3_real,4.807,6.525,0,0
C3_real,5.293,5.343,0,0
C3_real,6.082,4.500,0,0
C3_real,6.612,5.682,0,0
C3_real,5.141,4.466,1,1
C3_real,5.449,5.098,1,0
C3_real,3.534,6.283,0,0
C3_real,4.703,4.431,1,1
C3_real,5.834,6.067,0,0
C3_real,5.753,5.913,1,0
C3_real,5.033,3.954,0,1
C3_real,5.775,6.269,1,0
C3_real,5.340,5.938,1,0
C3_real,6.120,5.222,1,0
C3_real,5.118,4.185,1,0
C3_real,4.409,4.069,0,0
C3_real,5.169,4.455,1,1
C3_real,1.576,5.751,1,1
C3_real,5.221,3.953,1,0
C3_real,1.000,5.625,1,0
C3_real,2.904,3.610,0,0
C3_real,5.297,4.855,1,1
C3_real,5.325,5.232,0,0
C3_real,3.521,7.000,1,1
C3_real,4.017,3.447,0,1
C3_real,6.308,6.866,1,0
C3_real,4.268,5.280,1,0
C3_real,7.000,5.593,0,1
C3_real,4.798,5.242,0,0
C3_real,5.249,5.634,0,0
C3_real,6.579,4.916,1,1
C3_real,4.944,6.845,1,0
C3_real,3.697,4.552,0,0
C3_real,4.679,6.459,1,0
C3_real,4.761,4.327,0,0
C3_real,3.299,5.028,0,1
C3_real,4.519,3.814,0,0
C3_real,3.984,5.646,0,0
C3_real,5.817,6.834,0,0
C3_real,4.838,5.007,1,1
C3_real,4.489,4.864,1,0
C3_real,4.683,3.762,0,1
C3_real,5.045,4.825,1,0
C3_real,5.478,3.189,1,1
C3_real,3.700,4.005,1,1
C3_real,3.654,5.372,0,1
C3_real,6.015,6.683,0,1
C3_real,4.346,7.000,0,0
C3_real,3.241,4.396,1,0
C3_real,5.288,6.822,1,0
C3_real,5.310,5.393,0,0
C3_real,3.116,4.919,1,1
C3_real,5.052,5.619,0,1
